{"accounts":[{"address":"hx5a05b58a25a1e5ea0f1d5715e1f655dffc1fb30a","balance":"0x2961fff8ca4a62327800000","name":"god"},{"address":"hx6e1dd0d4432620778b54b2bbc21ac3df961adf89","balance":"0x52b7d2dcc80cd2e4000000","name":"score_owner"},{"address":"hx1000000000000000000000000000000000000000","balance":"0x0","name":"treasury"},{"address":"cx0000000000000000000000000000000000000001","name":"governance","score":{"contentId":"hash:0xeb20b248f57377bd7f9786d7188373039c8c80abeba22ea58c9a6e04a49b9393","contentType":"application/zip","owner":"hx6e1dd0d4432620778b54b2bbc21ac3df961adf89"}},{"address":"hx89e9d082f1444dd3bb3496c8509a541eb2949a5b","balance":"0x14adf4b7320334b90000000","name":"genesis address"}],"chain":{"auditEnabled":"0x1","blockInterval":"0x7d0","fee":{"stepCosts":{"apiCall":"0x2710","contractCall":"0x61a8","contractCreate":"0x3b9aca00","contractSet":"0x3a98","contractUpdate":"0x3b9aca00","default":"0x186a0","delete":"-0xf0","deleteBase":"0xc8","get":"0x19","getBase":"0xbb8","input":"0xc8","log":"0x64","logBase":"0x1388","schema":"0x1","set":"0x140","setBase":"0x2710"},"stepLimit":{"invoke":"0x9502f900","query":"0x2faf080"},"stepPrice":"0x2e90edd00"},"revision":"0xd","roundLimitFactor":"0x9","validatorList":["hxffb2996f2da27fa8e37053e7d54ab12076ebc242","hx9e9e37746ff6a1e339bc898d803aa4da8aae1f69","hx39d8201051146e191cb89c40ee8ef5695556496a","hx6eba79486f98193537bae35ad521b8965a2c3548"]},"message":"genesis for berlin","nid":"0x7"}